scheme,avg_rtt,p95_rtt,loss
cubic,1.6714371317287525e-05,0.0,0.000748465645426875
bbr,1.609589314692298e-05,0.0,0.0007234806905498454
vegas,1.651341904880889e-05,1.000000000001e-06,0.0006985505076965297
