{"vegas": {"1": {"1": {"delay": 486.09, "loss": 0.12576041179223207, "tput": 1.1208708384970312}, "all": {"delay": 486.09, "loss": 0.12576041179223207, "tput": 1.1208708384970312}}}, "bbr": {"1": {"1": {"delay": 485.674, "loss": 0.1248480954174318, "tput": 1.001981558954409}, "all": {"delay": 485.674, "loss": 0.1248480954174318, "tput": 1.001981558954409}}}, "cubic": {"1": {"1": {"delay": 483.17, "loss": 0.10021447173568909, "tput": 1.1555550606683007}, "all": {"delay": 483.17, "loss": 0.10021447173568909, "tput": 1.1555550606683007}}}}