{"bbr": {"1": {"all": {"delay": 15999.0, "loss": 0.522280534351145, "tput": 0.011443428571428571}}}, "cubic": {"1": {"all": {"delay": 16006.0, "loss": 0.521934221203876, "tput": 0.011445714285714286}}}}